"id_formation_instance","jour","id_reference_formation"
"formation_instance1","2025-11-04","formation1"
"formation_instance2","2025-11-11","formation1"
"formation_instance3","2025-11-18","formation1"
"formation_instance4","2025-11-25","formation1"
"formation_instance5","2025-12-02","formation1"
"formation_instance6","2025-12-09","formation1"
"formation_instance7","2025-12-16","formation1"
"formation_instance8","2025-12-23","formation1"
"formation_instance9","2025-12-30","formation1"
"formation_instance10","2026-01-06","formation1"
"formation_instance11","2026-01-13","formation1"
"formation_instance12","2026-01-20","formation1"
"formation_instance13","2026-01-27","formation1"
"formation_instance14","2026-02-03","formation1"
"formation_instance15","2026-02-10","formation1"
"formation_instance16","2026-02-17","formation1"
"formation_instance17","2026-02-24","formation1"
"formation_instance18","2026-03-03","formation1"
"formation_instance19","2026-03-10","formation1"
"formation_instance20","2026-03-17","formation1"
"formation_instance21","2026-03-24","formation1"
"formation_instance22","2026-03-31","formation1"
"formation_instance23","2026-04-07","formation1"
"formation_instance24","2026-04-14","formation1"
"formation_instance25","2026-04-21","formation1"
"formation_instance26","2026-04-28","formation1"
"formation_instance27","2026-05-05","formation1"
"formation_instance28","2026-05-12","formation1"
"formation_instance29","2026-05-19","formation1"
"formation_instance30","2026-05-26","formation1"
"formation_instance31","2026-06-02","formation1"
"formation_instance32","2026-06-09","formation1"
"formation_instance33","2026-06-16","formation1"
"formation_instance34","2026-06-23","formation1"
"formation_instance35","2026-06-30","formation1"
"formation_instance36","2026-07-07","formation1"
"formation_instance37","2026-07-14","formation1"
"formation_instance38","2026-07-21","formation1"
"formation_instance39","2026-07-28","formation1"
"formation_instance40","2026-08-04","formation1"
"formation_instance41","2026-08-11","formation1"
"formation_instance42","2026-08-18","formation1"
"formation_instance43","2026-08-25","formation1"
"formation_instance44","2026-09-01","formation1"
"formation_instance45","2026-09-08","formation1"
"formation_instance46","2026-09-15","formation1"
"formation_instance47","2026-09-22","formation1"
"formation_instance48","2026-09-29","formation1"
"formation_instance49","2026-10-06","formation1"
"formation_instance50","2026-10-13","formation1"
"formation_instance51","2026-10-20","formation1"
"formation_instance52","2026-10-27","formation1"
"formation_instance53","2026-11-03","formation1"
"formation_instance54","2025-11-05","formation2"
"formation_instance55","2025-11-12","formation2"
"formation_instance56","2025-11-19","formation2"
"formation_instance57","2025-11-26","formation2"
"formation_instance58","2025-12-03","formation2"
"formation_instance59","2025-12-10","formation2"
"formation_instance60","2025-12-17","formation2"
"formation_instance61","2025-12-24","formation2"
"formation_instance62","2025-12-31","formation2"
"formation_instance63","2026-01-07","formation2"
"formation_instance64","2026-01-14","formation2"
"formation_instance65","2026-01-21","formation2"
"formation_instance66","2026-01-28","formation2"
"formation_instance67","2026-02-04","formation2"
"formation_instance68","2026-02-11","formation2"
"formation_instance69","2026-02-18","formation2"
"formation_instance70","2026-02-25","formation2"
"formation_instance71","2026-03-04","formation2"
"formation_instance72","2026-03-11","formation2"
"formation_instance73","2026-03-18","formation2"
"formation_instance74","2026-03-25","formation2"
"formation_instance75","2026-04-01","formation2"
"formation_instance76","2026-04-08","formation2"
"formation_instance77","2026-04-15","formation2"
"formation_instance78","2026-04-22","formation2"
"formation_instance79","2026-04-29","formation2"
"formation_instance80","2026-05-06","formation2"
"formation_instance81","2026-05-13","formation2"
"formation_instance82","2026-05-20","formation2"
"formation_instance83","2026-05-27","formation2"
"formation_instance84","2026-06-03","formation2"
"formation_instance85","2026-06-10","formation2"
"formation_instance86","2026-06-17","formation2"
"formation_instance87","2026-06-24","formation2"
"formation_instance88","2026-07-01","formation2"
"formation_instance89","2026-07-08","formation2"
"formation_instance90","2026-07-15","formation2"
"formation_instance91","2026-07-22","formation2"
"formation_instance92","2026-07-29","formation2"
"formation_instance93","2026-08-05","formation2"
"formation_instance94","2026-08-12","formation2"
"formation_instance95","2026-08-19","formation2"
"formation_instance96","2026-08-26","formation2"
"formation_instance97","2026-09-02","formation2"
"formation_instance98","2026-09-09","formation2"
"formation_instance99","2026-09-16","formation2"
"formation_instance100","2026-09-23","formation2"
"formation_instance101","2026-09-30","formation2"
"formation_instance102","2026-10-07","formation2"
"formation_instance103","2026-10-14","formation2"
"formation_instance104","2026-10-21","formation2"
"formation_instance105","2026-10-28","formation2"
"formation_instance106","2025-11-06","formation3"
"formation_instance107","2025-11-13","formation3"
"formation_instance108","2025-11-20","formation3"
"formation_instance109","2025-11-27","formation3"
"formation_instance110","2025-12-04","formation3"
"formation_instance111","2025-12-11","formation3"
"formation_instance112","2025-12-18","formation3"
"formation_instance113","2025-12-25","formation3"
"formation_instance114","2026-01-01","formation3"
"formation_instance115","2026-01-08","formation3"
"formation_instance116","2026-01-15","formation3"
"formation_instance117","2026-01-22","formation3"
"formation_instance118","2026-01-29","formation3"
"formation_instance119","2026-02-05","formation3"
"formation_instance120","2026-02-12","formation3"
"formation_instance121","2026-02-19","formation3"
"formation_instance122","2026-02-26","formation3"
"formation_instance123","2026-03-05","formation3"
"formation_instance124","2026-03-12","formation3"
"formation_instance125","2026-03-19","formation3"
"formation_instance126","2026-03-26","formation3"
"formation_instance127","2026-04-02","formation3"
"formation_instance128","2026-04-09","formation3"
"formation_instance129","2026-04-16","formation3"
"formation_instance130","2026-04-23","formation3"
"formation_instance131","2026-04-30","formation3"
"formation_instance132","2026-05-07","formation3"
"formation_instance133","2026-05-14","formation3"
"formation_instance134","2026-05-21","formation3"
"formation_instance135","2026-05-28","formation3"
"formation_instance136","2026-06-04","formation3"
"formation_instance137","2026-06-11","formation3"
"formation_instance138","2026-06-18","formation3"
"formation_instance139","2026-06-25","formation3"
"formation_instance140","2026-07-02","formation3"
"formation_instance141","2026-07-09","formation3"
"formation_instance142","2026-07-16","formation3"
"formation_instance143","2026-07-23","formation3"
"formation_instance144","2026-07-30","formation3"
"formation_instance145","2026-08-06","formation3"
"formation_instance146","2026-08-13","formation3"
"formation_instance147","2026-08-20","formation3"
"formation_instance148","2026-08-27","formation3"
"formation_instance149","2026-09-03","formation3"
"formation_instance150","2026-09-10","formation3"
"formation_instance151","2026-09-17","formation3"
"formation_instance152","2026-09-24","formation3"
"formation_instance153","2026-10-01","formation3"
"formation_instance154","2026-10-08","formation3"
"formation_instance155","2026-10-15","formation3"
"formation_instance156","2026-10-22","formation3"
"formation_instance157","2026-10-29","formation3"
"formation_instance158","2025-11-03","formation5"
"formation_instance159","2025-11-10","formation5"
"formation_instance160","2025-11-17","formation5"
"formation_instance161","2025-11-24","formation5"
"formation_instance162","2025-12-01","formation5"
"formation_instance163","2025-12-08","formation5"
"formation_instance164","2025-12-15","formation5"
"formation_instance165","2025-12-22","formation5"
"formation_instance166","2025-12-29","formation5"
"formation_instance167","2026-01-05","formation5"
"formation_instance168","2026-01-12","formation5"
"formation_instance169","2026-01-19","formation5"
"formation_instance170","2026-01-26","formation5"
"formation_instance171","2026-02-02","formation5"
"formation_instance172","2026-02-09","formation5"
"formation_instance173","2026-02-16","formation5"
"formation_instance174","2026-02-23","formation5"
"formation_instance175","2026-03-02","formation5"
"formation_instance176","2026-03-09","formation5"
"formation_instance177","2026-03-16","formation5"
"formation_instance178","2026-03-23","formation5"
"formation_instance179","2026-03-30","formation5"
"formation_instance180","2026-04-06","formation5"
"formation_instance181","2026-04-13","formation5"
"formation_instance182","2026-04-20","formation5"
"formation_instance183","2026-04-27","formation5"
"formation_instance184","2026-05-04","formation5"
"formation_instance185","2026-05-11","formation5"
"formation_instance186","2026-05-18","formation5"
"formation_instance187","2026-05-25","formation5"
"formation_instance188","2026-06-01","formation5"
"formation_instance189","2026-06-08","formation5"
"formation_instance190","2026-06-15","formation5"
"formation_instance191","2026-06-22","formation5"
"formation_instance192","2026-06-29","formation5"
"formation_instance193","2026-07-06","formation5"
"formation_instance194","2026-07-13","formation5"
"formation_instance195","2026-07-20","formation5"
"formation_instance196","2026-07-27","formation5"
"formation_instance197","2026-08-03","formation5"
"formation_instance198","2026-08-10","formation5"
"formation_instance199","2026-08-17","formation5"
"formation_instance200","2026-08-24","formation5"
"formation_instance201","2026-08-31","formation5"
"formation_instance202","2026-09-07","formation5"
"formation_instance203","2026-09-14","formation5"
"formation_instance204","2026-09-21","formation5"
"formation_instance205","2026-09-28","formation5"
"formation_instance206","2026-10-05","formation5"
"formation_instance207","2026-10-12","formation5"
"formation_instance208","2026-10-19","formation5"
"formation_instance209","2026-10-26","formation5"
"formation_instance210","2026-11-02","formation5"
"formation_instance211","2025-11-07","formation4"
"formation_instance212","2025-11-14","formation4"
"formation_instance213","2025-11-21","formation4"
"formation_instance214","2025-11-28","formation4"
"formation_instance215","2025-12-05","formation4"
"formation_instance216","2025-12-12","formation4"
"formation_instance217","2025-12-19","formation4"
"formation_instance218","2025-12-26","formation4"
"formation_instance219","2026-01-02","formation4"
"formation_instance220","2026-01-09","formation4"
"formation_instance221","2026-01-16","formation4"
"formation_instance222","2026-01-23","formation4"
"formation_instance223","2026-01-30","formation4"
"formation_instance224","2026-02-06","formation4"
"formation_instance225","2026-02-13","formation4"
"formation_instance226","2026-02-20","formation4"
"formation_instance227","2026-02-27","formation4"
"formation_instance228","2026-03-06","formation4"
"formation_instance229","2026-03-13","formation4"
"formation_instance230","2026-03-20","formation4"
"formation_instance231","2026-03-27","formation4"
"formation_instance232","2026-04-03","formation4"
"formation_instance233","2026-04-10","formation4"
"formation_instance234","2026-04-17","formation4"
"formation_instance235","2026-04-24","formation4"
"formation_instance236","2026-05-01","formation4"
"formation_instance237","2026-05-08","formation4"
"formation_instance238","2026-05-15","formation4"
"formation_instance239","2026-05-22","formation4"
"formation_instance240","2026-05-29","formation4"
"formation_instance241","2026-06-05","formation4"
"formation_instance242","2026-06-12","formation4"
"formation_instance243","2026-06-19","formation4"
"formation_instance244","2026-06-26","formation4"
"formation_instance245","2026-07-03","formation4"
"formation_instance246","2026-07-10","formation4"
"formation_instance247","2026-07-17","formation4"
"formation_instance248","2026-07-24","formation4"
"formation_instance249","2026-07-31","formation4"
"formation_instance250","2026-08-07","formation4"
"formation_instance251","2026-08-14","formation4"
"formation_instance252","2026-08-21","formation4"
"formation_instance253","2026-08-28","formation4"
"formation_instance254","2026-09-04","formation4"
"formation_instance255","2026-09-11","formation4"
"formation_instance256","2026-09-18","formation4"
"formation_instance257","2026-09-25","formation4"
"formation_instance258","2026-10-02","formation4"
"formation_instance259","2026-10-09","formation4"
"formation_instance260","2026-10-16","formation4"
"formation_instance261","2026-10-23","formation4"
"formation_instance262","2026-10-30","formation4"
"formation_instance263","2025-11-04","formation6"
"formation_instance264","2025-11-11","formation6"
"formation_instance265","2025-11-18","formation6"
"formation_instance266","2025-11-25","formation6"
"formation_instance267","2025-12-02","formation6"
"formation_instance268","2025-12-09","formation6"
"formation_instance269","2025-12-16","formation6"
"formation_instance270","2025-12-23","formation6"
"formation_instance271","2025-12-30","formation6"
"formation_instance272","2026-01-06","formation6"
"formation_instance273","2026-01-13","formation6"
"formation_instance274","2026-01-20","formation6"
"formation_instance275","2026-01-27","formation6"
"formation_instance276","2026-02-03","formation6"
"formation_instance277","2026-02-10","formation6"
"formation_instance278","2026-02-17","formation6"
"formation_instance279","2026-02-24","formation6"
"formation_instance280","2026-03-03","formation6"
"formation_instance281","2026-03-10","formation6"
"formation_instance282","2026-03-17","formation6"
"formation_instance283","2026-03-24","formation6"
"formation_instance284","2026-03-31","formation6"
"formation_instance285","2026-04-07","formation6"
"formation_instance286","2026-04-14","formation6"
"formation_instance287","2026-04-21","formation6"
"formation_instance288","2026-04-28","formation6"
"formation_instance289","2026-05-05","formation6"
"formation_instance290","2026-05-12","formation6"
"formation_instance291","2026-05-19","formation6"
"formation_instance292","2026-05-26","formation6"
"formation_instance293","2026-06-02","formation6"
"formation_instance294","2026-06-09","formation6"
"formation_instance295","2026-06-16","formation6"
"formation_instance296","2026-06-23","formation6"
"formation_instance297","2026-06-30","formation6"
"formation_instance298","2026-07-07","formation6"
"formation_instance299","2026-07-14","formation6"
"formation_instance300","2026-07-21","formation6"
"formation_instance301","2026-07-28","formation6"
"formation_instance302","2026-08-04","formation6"
"formation_instance303","2026-08-11","formation6"
"formation_instance304","2026-08-18","formation6"
"formation_instance305","2026-08-25","formation6"
"formation_instance306","2026-09-01","formation6"
"formation_instance307","2026-09-08","formation6"
"formation_instance308","2026-09-15","formation6"
"formation_instance309","2026-09-22","formation6"
"formation_instance310","2026-09-29","formation6"
"formation_instance311","2026-10-06","formation6"
"formation_instance312","2026-10-13","formation6"
"formation_instance313","2026-10-20","formation6"
"formation_instance314","2026-10-27","formation6"
"formation_instance315","2026-11-03","formation6"
"formation_instance316","2025-11-05","formation7"
"formation_instance317","2025-11-12","formation7"
"formation_instance318","2025-11-19","formation7"
"formation_instance319","2025-11-26","formation7"
"formation_instance320","2025-12-03","formation7"
"formation_instance321","2025-12-10","formation7"
"formation_instance322","2025-12-17","formation7"
"formation_instance323","2025-12-24","formation7"
"formation_instance324","2025-12-31","formation7"
"formation_instance325","2026-01-07","formation7"
"formation_instance326","2026-01-14","formation7"
"formation_instance327","2026-01-21","formation7"
"formation_instance328","2026-01-28","formation7"
"formation_instance329","2026-02-04","formation7"
"formation_instance330","2026-02-11","formation7"
"formation_instance331","2026-02-18","formation7"
"formation_instance332","2026-02-25","formation7"
"formation_instance333","2026-03-04","formation7"
"formation_instance334","2026-03-11","formation7"
"formation_instance335","2026-03-18","formation7"
"formation_instance336","2026-03-25","formation7"
"formation_instance337","2026-04-01","formation7"
"formation_instance338","2026-04-08","formation7"
"formation_instance339","2026-04-15","formation7"
"formation_instance340","2026-04-22","formation7"
"formation_instance341","2026-04-29","formation7"
"formation_instance342","2026-05-06","formation7"
"formation_instance343","2026-05-13","formation7"
"formation_instance344","2026-05-20","formation7"
"formation_instance345","2026-05-27","formation7"
"formation_instance346","2026-06-03","formation7"
"formation_instance347","2026-06-10","formation7"
"formation_instance348","2026-06-17","formation7"
"formation_instance349","2026-06-24","formation7"
"formation_instance350","2026-07-01","formation7"
"formation_instance351","2026-07-08","formation7"
"formation_instance352","2026-07-15","formation7"
"formation_instance353","2026-07-22","formation7"
"formation_instance354","2026-07-29","formation7"
"formation_instance355","2026-08-05","formation7"
"formation_instance356","2026-08-12","formation7"
"formation_instance357","2026-08-19","formation7"
"formation_instance358","2026-08-26","formation7"
"formation_instance359","2026-09-02","formation7"
"formation_instance360","2026-09-09","formation7"
"formation_instance361","2026-09-16","formation7"
"formation_instance362","2026-09-23","formation7"
"formation_instance363","2026-09-30","formation7"
"formation_instance364","2026-10-07","formation7"
"formation_instance365","2026-10-14","formation7"
"formation_instance366","2026-10-21","formation7"
"formation_instance367","2026-10-28","formation7"
"formation_instance368","2025-11-06","formation8"
"formation_instance369","2025-11-13","formation8"
"formation_instance370","2025-11-20","formation8"
"formation_instance371","2025-11-27","formation8"
"formation_instance372","2025-12-04","formation8"
"formation_instance373","2025-12-11","formation8"
"formation_instance374","2025-12-18","formation8"
"formation_instance375","2025-12-25","formation8"
"formation_instance376","2026-01-01","formation8"
"formation_instance377","2026-01-08","formation8"
"formation_instance378","2026-01-15","formation8"
"formation_instance379","2026-01-22","formation8"
"formation_instance380","2026-01-29","formation8"
"formation_instance381","2026-02-05","formation8"
"formation_instance382","2026-02-12","formation8"
"formation_instance383","2026-02-19","formation8"
"formation_instance384","2026-02-26","formation8"
"formation_instance385","2026-03-05","formation8"
"formation_instance386","2026-03-12","formation8"
"formation_instance387","2026-03-19","formation8"
"formation_instance388","2026-03-26","formation8"
"formation_instance389","2026-04-02","formation8"
"formation_instance390","2026-04-09","formation8"
"formation_instance391","2026-04-16","formation8"
"formation_instance392","2026-04-23","formation8"
"formation_instance393","2026-04-30","formation8"
"formation_instance394","2026-05-07","formation8"
"formation_instance395","2026-05-14","formation8"
"formation_instance396","2026-05-21","formation8"
"formation_instance397","2026-05-28","formation8"
"formation_instance398","2026-06-04","formation8"
"formation_instance399","2026-06-11","formation8"
"formation_instance400","2026-06-18","formation8"
"formation_instance401","2026-06-25","formation8"
"formation_instance402","2026-07-02","formation8"
"formation_instance403","2026-07-09","formation8"
"formation_instance404","2026-07-16","formation8"
"formation_instance405","2026-07-23","formation8"
"formation_instance406","2026-07-30","formation8"
"formation_instance407","2026-08-06","formation8"
"formation_instance408","2026-08-13","formation8"
"formation_instance409","2026-08-20","formation8"
"formation_instance410","2026-08-27","formation8"
"formation_instance411","2026-09-03","formation8"
"formation_instance412","2026-09-10","formation8"
"formation_instance413","2026-09-17","formation8"
"formation_instance414","2026-09-24","formation8"
"formation_instance415","2026-10-01","formation8"
"formation_instance416","2026-10-08","formation8"
"formation_instance417","2026-10-15","formation8"
"formation_instance418","2026-10-22","formation8"
"formation_instance419","2026-10-29","formation8"
"formation_instance420","2025-11-07","formation9"
"formation_instance421","2025-11-14","formation9"
"formation_instance422","2025-11-21","formation9"
"formation_instance423","2025-11-28","formation9"
"formation_instance424","2025-12-05","formation9"
"formation_instance425","2025-12-12","formation9"
"formation_instance426","2025-12-19","formation9"
"formation_instance427","2025-12-26","formation9"
"formation_instance428","2026-01-02","formation9"
"formation_instance429","2026-01-09","formation9"
"formation_instance430","2026-01-16","formation9"
"formation_instance431","2026-01-23","formation9"
"formation_instance432","2026-01-30","formation9"
"formation_instance433","2026-02-06","formation9"
"formation_instance434","2026-02-13","formation9"
"formation_instance435","2026-02-20","formation9"
"formation_instance436","2026-02-27","formation9"
"formation_instance437","2026-03-06","formation9"
"formation_instance438","2026-03-13","formation9"
"formation_instance439","2026-03-20","formation9"
"formation_instance440","2026-03-27","formation9"
"formation_instance441","2026-04-03","formation9"
"formation_instance442","2026-04-10","formation9"
"formation_instance443","2026-04-17","formation9"
"formation_instance444","2026-04-24","formation9"
"formation_instance445","2026-05-01","formation9"
"formation_instance446","2026-05-08","formation9"
"formation_instance447","2026-05-15","formation9"
"formation_instance448","2026-05-22","formation9"
"formation_instance449","2026-05-29","formation9"
"formation_instance450","2026-06-05","formation9"
"formation_instance451","2026-06-12","formation9"
"formation_instance452","2026-06-19","formation9"
"formation_instance453","2026-06-26","formation9"
"formation_instance454","2026-07-03","formation9"
"formation_instance455","2026-07-10","formation9"
"formation_instance456","2026-07-17","formation9"
"formation_instance457","2026-07-24","formation9"
"formation_instance458","2026-07-31","formation9"
"formation_instance459","2026-08-07","formation9"
"formation_instance460","2026-08-14","formation9"
"formation_instance461","2026-08-21","formation9"
"formation_instance462","2026-08-28","formation9"
"formation_instance463","2026-09-04","formation9"
"formation_instance464","2026-09-11","formation9"
"formation_instance465","2026-09-18","formation9"
"formation_instance466","2026-09-25","formation9"
"formation_instance467","2026-10-02","formation9"
"formation_instance468","2026-10-09","formation9"
"formation_instance469","2026-10-16","formation9"
"formation_instance470","2026-10-23","formation9"
"formation_instance471","2026-10-30","formation9"
"formation_instance472","2025-11-08","formation10"
"formation_instance473","2025-11-15","formation10"
"formation_instance474","2025-11-22","formation10"
"formation_instance475","2025-11-29","formation10"
"formation_instance476","2025-12-06","formation10"
"formation_instance477","2025-12-13","formation10"
"formation_instance478","2025-12-20","formation10"
"formation_instance479","2025-12-27","formation10"
"formation_instance480","2026-01-03","formation10"
"formation_instance481","2026-01-10","formation10"
"formation_instance482","2026-01-17","formation10"
"formation_instance483","2026-01-24","formation10"
"formation_instance484","2026-01-31","formation10"
"formation_instance485","2026-02-07","formation10"
"formation_instance486","2026-02-14","formation10"
"formation_instance487","2026-02-21","formation10"
"formation_instance488","2026-02-28","formation10"
"formation_instance489","2026-03-07","formation10"
"formation_instance490","2026-03-14","formation10"
"formation_instance491","2026-03-21","formation10"
"formation_instance492","2026-03-28","formation10"
"formation_instance493","2026-04-04","formation10"
"formation_instance494","2026-04-11","formation10"
"formation_instance495","2026-04-18","formation10"
"formation_instance496","2026-04-25","formation10"
"formation_instance497","2026-05-02","formation10"
"formation_instance498","2026-05-09","formation10"
"formation_instance499","2026-05-16","formation10"
"formation_instance500","2026-05-23","formation10"
"formation_instance501","2026-05-30","formation10"
"formation_instance502","2026-06-06","formation10"
"formation_instance503","2026-06-13","formation10"
"formation_instance504","2026-06-20","formation10"
"formation_instance505","2026-06-27","formation10"
"formation_instance506","2026-07-04","formation10"
"formation_instance507","2026-07-11","formation10"
"formation_instance508","2026-07-18","formation10"
"formation_instance509","2026-07-25","formation10"
"formation_instance510","2026-08-01","formation10"
"formation_instance511","2026-08-08","formation10"
"formation_instance512","2026-08-15","formation10"
"formation_instance513","2026-08-22","formation10"
"formation_instance514","2026-08-29","formation10"
"formation_instance515","2026-09-05","formation10"
"formation_instance516","2026-09-12","formation10"
"formation_instance517","2026-09-19","formation10"
"formation_instance518","2026-09-26","formation10"
"formation_instance519","2026-10-03","formation10"
"formation_instance520","2026-10-10","formation10"
"formation_instance521","2026-10-17","formation10"
"formation_instance522","2026-10-24","formation10"
"formation_instance523","2026-10-31","formation10"
"formation_instance524","2025-11-08","formation11"
"formation_instance525","2025-11-15","formation11"
"formation_instance526","2025-11-22","formation11"
"formation_instance527","2025-11-29","formation11"
"formation_instance528","2025-12-06","formation11"
"formation_instance529","2025-12-13","formation11"
"formation_instance530","2025-12-20","formation11"
"formation_instance531","2025-12-27","formation11"
"formation_instance532","2026-01-03","formation11"
"formation_instance533","2026-01-10","formation11"
"formation_instance534","2026-01-17","formation11"
"formation_instance535","2026-01-24","formation11"
"formation_instance536","2026-01-31","formation11"
"formation_instance537","2026-02-07","formation11"
"formation_instance538","2026-02-14","formation11"
"formation_instance539","2026-02-21","formation11"
"formation_instance540","2026-02-28","formation11"
"formation_instance541","2026-03-07","formation11"
"formation_instance542","2026-03-14","formation11"
"formation_instance543","2026-03-21","formation11"
"formation_instance544","2026-03-28","formation11"
"formation_instance545","2026-04-04","formation11"
"formation_instance546","2026-04-11","formation11"
"formation_instance547","2026-04-18","formation11"
"formation_instance548","2026-04-25","formation11"
"formation_instance549","2026-05-02","formation11"
"formation_instance550","2026-05-09","formation11"
"formation_instance551","2026-05-16","formation11"
"formation_instance552","2026-05-23","formation11"
"formation_instance553","2026-05-30","formation11"
"formation_instance554","2026-06-06","formation11"
"formation_instance555","2026-06-13","formation11"
"formation_instance556","2026-06-20","formation11"
"formation_instance557","2026-06-27","formation11"
"formation_instance558","2026-07-04","formation11"
"formation_instance559","2026-07-11","formation11"
"formation_instance560","2026-07-18","formation11"
"formation_instance561","2026-07-25","formation11"
"formation_instance562","2026-08-01","formation11"
"formation_instance563","2026-08-08","formation11"
"formation_instance564","2026-08-15","formation11"
"formation_instance565","2026-08-22","formation11"
"formation_instance566","2026-08-29","formation11"
"formation_instance567","2026-09-05","formation11"
"formation_instance568","2026-09-12","formation11"
"formation_instance569","2026-09-19","formation11"
"formation_instance570","2026-09-26","formation11"
"formation_instance571","2026-10-03","formation11"
"formation_instance572","2026-10-10","formation11"
"formation_instance573","2026-10-17","formation11"
"formation_instance574","2026-10-24","formation11"
"formation_instance575","2026-10-31","formation11"
"formation_instance576","2025-11-03","formation12"
"formation_instance577","2025-11-10","formation12"
"formation_instance578","2025-11-17","formation12"
"formation_instance579","2025-11-24","formation12"
"formation_instance580","2025-12-01","formation12"
"formation_instance581","2025-12-08","formation12"
"formation_instance582","2025-12-15","formation12"
"formation_instance583","2025-12-22","formation12"
"formation_instance584","2025-12-29","formation12"
"formation_instance585","2026-01-05","formation12"
"formation_instance586","2026-01-12","formation12"
"formation_instance587","2026-01-19","formation12"
"formation_instance588","2026-01-26","formation12"
"formation_instance589","2026-02-02","formation12"
"formation_instance590","2026-02-09","formation12"
"formation_instance591","2026-02-16","formation12"
"formation_instance592","2026-02-23","formation12"
"formation_instance593","2026-03-02","formation12"
"formation_instance594","2026-03-09","formation12"
"formation_instance595","2026-03-16","formation12"
"formation_instance596","2026-03-23","formation12"
"formation_instance597","2026-03-30","formation12"
"formation_instance598","2026-04-06","formation12"
"formation_instance599","2026-04-13","formation12"
"formation_instance600","2026-04-20","formation12"
"formation_instance601","2026-04-27","formation12"
"formation_instance602","2026-05-04","formation12"
"formation_instance603","2026-05-11","formation12"
"formation_instance604","2026-05-18","formation12"
"formation_instance605","2026-05-25","formation12"
"formation_instance606","2026-06-01","formation12"
"formation_instance607","2026-06-08","formation12"
"formation_instance608","2026-06-15","formation12"
"formation_instance609","2026-06-22","formation12"
"formation_instance610","2026-06-29","formation12"
"formation_instance611","2026-07-06","formation12"
"formation_instance612","2026-07-13","formation12"
"formation_instance613","2026-07-20","formation12"
"formation_instance614","2026-07-27","formation12"
"formation_instance615","2026-08-03","formation12"
"formation_instance616","2026-08-10","formation12"
"formation_instance617","2026-08-17","formation12"
"formation_instance618","2026-08-24","formation12"
"formation_instance619","2026-08-31","formation12"
"formation_instance620","2026-09-07","formation12"
"formation_instance621","2026-09-14","formation12"
"formation_instance622","2026-09-21","formation12"
"formation_instance623","2026-09-28","formation12"
"formation_instance624","2026-10-05","formation12"
"formation_instance625","2026-10-12","formation12"
"formation_instance626","2026-10-19","formation12"
"formation_instance627","2026-10-26","formation12"
"formation_instance628","2026-11-02","formation12"
"formation_instance629","2025-11-04","formation13"
"formation_instance630","2025-11-11","formation13"
"formation_instance631","2025-11-18","formation13"
"formation_instance632","2025-11-25","formation13"
"formation_instance633","2025-12-02","formation13"
"formation_instance634","2025-12-09","formation13"
"formation_instance635","2025-12-16","formation13"
"formation_instance636","2025-12-23","formation13"
"formation_instance637","2025-12-30","formation13"
"formation_instance638","2026-01-06","formation13"
"formation_instance639","2026-01-13","formation13"
"formation_instance640","2026-01-20","formation13"
"formation_instance641","2026-01-27","formation13"
"formation_instance642","2026-02-03","formation13"
"formation_instance643","2026-02-10","formation13"
"formation_instance644","2026-02-17","formation13"
"formation_instance645","2026-02-24","formation13"
"formation_instance646","2026-03-03","formation13"
"formation_instance647","2026-03-10","formation13"
"formation_instance648","2026-03-17","formation13"
"formation_instance649","2026-03-24","formation13"
"formation_instance650","2026-03-31","formation13"
"formation_instance651","2026-04-07","formation13"
"formation_instance652","2026-04-14","formation13"
"formation_instance653","2026-04-21","formation13"
"formation_instance654","2026-04-28","formation13"
"formation_instance655","2026-05-05","formation13"
"formation_instance656","2026-05-12","formation13"
"formation_instance657","2026-05-19","formation13"
"formation_instance658","2026-05-26","formation13"
"formation_instance659","2026-06-02","formation13"
"formation_instance660","2026-06-09","formation13"
"formation_instance661","2026-06-16","formation13"
"formation_instance662","2026-06-23","formation13"
"formation_instance663","2026-06-30","formation13"
"formation_instance664","2026-07-07","formation13"
"formation_instance665","2026-07-14","formation13"
"formation_instance666","2026-07-21","formation13"
"formation_instance667","2026-07-28","formation13"
"formation_instance668","2026-08-04","formation13"
"formation_instance669","2026-08-11","formation13"
"formation_instance670","2026-08-18","formation13"
"formation_instance671","2026-08-25","formation13"
"formation_instance672","2026-09-01","formation13"
"formation_instance673","2026-09-08","formation13"
"formation_instance674","2026-09-15","formation13"
"formation_instance675","2026-09-22","formation13"
"formation_instance676","2026-09-29","formation13"
"formation_instance677","2026-10-06","formation13"
"formation_instance678","2026-10-13","formation13"
"formation_instance679","2026-10-20","formation13"
"formation_instance680","2026-10-27","formation13"
"formation_instance681","2026-11-03","formation13"
"formation_instance682","2025-11-05","formation14"
"formation_instance683","2025-11-12","formation14"
"formation_instance684","2025-11-19","formation14"
"formation_instance685","2025-11-26","formation14"
"formation_instance686","2025-12-03","formation14"
"formation_instance687","2025-12-10","formation14"
"formation_instance688","2025-12-17","formation14"
"formation_instance689","2025-12-24","formation14"
"formation_instance690","2025-12-31","formation14"
"formation_instance691","2026-01-07","formation14"
"formation_instance692","2026-01-14","formation14"
"formation_instance693","2026-01-21","formation14"
"formation_instance694","2026-01-28","formation14"
"formation_instance695","2026-02-04","formation14"
"formation_instance696","2026-02-11","formation14"
"formation_instance697","2026-02-18","formation14"
"formation_instance698","2026-02-25","formation14"
"formation_instance699","2026-03-04","formation14"
"formation_instance700","2026-03-11","formation14"
"formation_instance701","2026-03-18","formation14"
"formation_instance702","2026-03-25","formation14"
"formation_instance703","2026-04-01","formation14"
"formation_instance704","2026-04-08","formation14"
"formation_instance705","2026-04-15","formation14"
"formation_instance706","2026-04-22","formation14"
"formation_instance707","2026-04-29","formation14"
"formation_instance708","2026-05-06","formation14"
"formation_instance709","2026-05-13","formation14"
"formation_instance710","2026-05-20","formation14"
"formation_instance711","2026-05-27","formation14"
"formation_instance712","2026-06-03","formation14"
"formation_instance713","2026-06-10","formation14"
"formation_instance714","2026-06-17","formation14"
"formation_instance715","2026-06-24","formation14"
"formation_instance716","2026-07-01","formation14"
"formation_instance717","2026-07-08","formation14"
"formation_instance718","2026-07-15","formation14"
"formation_instance719","2026-07-22","formation14"
"formation_instance720","2026-07-29","formation14"
"formation_instance721","2026-08-05","formation14"
"formation_instance722","2026-08-12","formation14"
"formation_instance723","2026-08-19","formation14"
"formation_instance724","2026-08-26","formation14"
"formation_instance725","2026-09-02","formation14"
"formation_instance726","2026-09-09","formation14"
"formation_instance727","2026-09-16","formation14"
"formation_instance728","2026-09-23","formation14"
"formation_instance729","2026-09-30","formation14"
"formation_instance730","2026-10-07","formation14"
"formation_instance731","2026-10-14","formation14"
"formation_instance732","2026-10-21","formation14"
"formation_instance733","2026-10-28","formation14"
"formation_instance734","2025-11-09","formation15"
"formation_instance735","2025-11-16","formation15"
"formation_instance736","2025-11-23","formation15"
"formation_instance737","2025-11-30","formation15"
"formation_instance738","2025-12-07","formation15"
"formation_instance739","2025-12-14","formation15"
"formation_instance740","2025-12-21","formation15"
"formation_instance741","2025-12-28","formation15"
"formation_instance742","2026-01-04","formation15"
"formation_instance743","2026-01-11","formation15"
"formation_instance744","2026-01-18","formation15"
"formation_instance745","2026-01-25","formation15"
"formation_instance746","2026-02-01","formation15"
"formation_instance747","2026-02-08","formation15"
"formation_instance748","2026-02-15","formation15"
"formation_instance749","2026-02-22","formation15"
"formation_instance750","2026-03-01","formation15"
"formation_instance751","2026-03-08","formation15"
"formation_instance752","2026-03-15","formation15"
"formation_instance753","2026-03-22","formation15"
"formation_instance754","2026-03-29","formation15"
"formation_instance755","2026-04-05","formation15"
"formation_instance756","2026-04-12","formation15"
"formation_instance757","2026-04-19","formation15"
"formation_instance758","2026-04-26","formation15"
"formation_instance759","2026-05-03","formation15"
"formation_instance760","2026-05-10","formation15"
"formation_instance761","2026-05-17","formation15"
"formation_instance762","2026-05-24","formation15"
"formation_instance763","2026-05-31","formation15"
"formation_instance764","2026-06-07","formation15"
"formation_instance765","2026-06-14","formation15"
"formation_instance766","2026-06-21","formation15"
"formation_instance767","2026-06-28","formation15"
"formation_instance768","2026-07-05","formation15"
"formation_instance769","2026-07-12","formation15"
"formation_instance770","2026-07-19","formation15"
"formation_instance771","2026-07-26","formation15"
"formation_instance772","2026-08-02","formation15"
"formation_instance773","2026-08-09","formation15"
"formation_instance774","2026-08-16","formation15"
"formation_instance775","2026-08-23","formation15"
"formation_instance776","2026-08-30","formation15"
"formation_instance777","2026-09-06","formation15"
"formation_instance778","2026-09-13","formation15"
"formation_instance779","2026-09-20","formation15"
"formation_instance780","2026-09-27","formation15"
"formation_instance781","2026-10-04","formation15"
"formation_instance782","2026-10-11","formation15"
"formation_instance783","2026-10-18","formation15"
"formation_instance784","2026-10-25","formation15"
"formation_instance785","2026-11-01","formation15"
